<?xml version="1.0" encoding="UTF-8"?>

<beans xmlns="http://www.springframework.org/schema/beans"

	xmlns:xsi="http://www.w3.org/2001/XMLSchema-instance"

	xsi:schemaLocation="http://www.springframework.org/schema/beans

https://www.springframework.org/schema/beans/spring-beans.xsd">

	<bean id="dateFormat" class="java.text.SimpleDateFormat">
		<constructor-arg value="dd/MM/yyyy" />
	</bean>

	<bean id="employee1" class="com.cognizant.springlearn.Employee">
		<property name="id" value="894176"></property>
		<property name="name" value="Jhansi"></property>
		<property name="salary" value="50000"></property>
		<property name="department" ref="department1"></property>
		<property name="permanent" value="Full-Time"></property>
		<property name="dateOfBirth">
			<bean factory-bean="dateFormat" factory-method="parse">
				<constructor-arg value="01/07/1998" />
			</bean>
		</property>
		<property name="skill" ref="skill1"></property>

	</bean>

	<bean id="employee2" class="com.cognizant.springlearn.Employee">
		<property name="id" value="892115"></property>
		<property name="name" value="Keerthana"></property>
		<property name="salary" value="75000"></property>
		<property name="department" ref="department2"></property>
		<property name="permanent" value="Part-Time"></property>
		<property name="dateOfBirth">
			<bean factory-bean="dateFormat" factory-method="parse">
				<constructor-arg value="18/05/1997" />
			</bean>
		</property>
		<property name="skill" ref="skill2"></property>

	</bean>

	<bean id="employee3" class="com.cognizant.springlearn.Employee">
		<property name="id" value="894222"></property>
		<property name="name" value="Arun" />
		<property name="salary" value="60000" />
		<property name="department" ref="department3"></property>
		<property name="permanent" value="Full-Time"></property>
		<property name="dateOfBirth">
			<bean factory-bean="dateFormat" factory-method="parse">
				<constructor-arg value="18/06/1999" />
			</bean>
		</property>
		<property name="skill" ref="skill2"></property>
	</bean>
        
	<bean id="employee4" class="com.cognizant.springlearn.Employee">
		<property name="id" value="894152"></property>
		<property name="name" value="Akhila"></property>
		<property name="salary" value="85000"></property>
		<property name="department" ref="department4"></property>
		<property name="permanent" value="Full-Time"></property>
		<property name="dateOfBirth">
			<bean factory-bean="dateFormat" factory-method="parse">
				<constructor-arg value="02/01/1999" />
			</bean>
		</property>
		<property name="skill" ref="skill2"></property>

	</bean>

	<bean id="department1"
		class="com.cognizant.springlearn.Department">

		<property name="id" value="11"></property>
		<property name="name" value="Development"></property>

	</bean>

	<bean id="department2"
		class="com.cognizant.springlearn.Department">

		<property name="id" value="12"></property>
		<property name="name" value="Testing"></property>

	</bean>

	<bean id="department3"
		class="com.cognizant.springlearn.Department">

		<property name="id" value="13"></property>
		<property name="name" value="Design"></property>

	</bean>
	<bean id="department4"
		class="com.cognizant.springlearn.Department">

		<property name="id" value="14"></property>
		<property name="name" value="Deployment"></property>

	</bean>

	<bean id="skill1" class="com.cognizant.springlearn.Skill">
		<property name="id" value="1"></property>
		<property name="name" value="JAVA"></property>
	</bean>

	<bean id="skill2" class="com.cognizant.springlearn.Skill">
		<property name="id" value="2"></property>
		<property name="name" value="DOT NET"></property>
	</bean>

	<bean id="employeeList" class="java.util.ArrayList">
		<constructor-arg>
			<list>
				<ref bean="employee1"></ref>
				<ref bean="employee2"></ref>
				<ref bean="employee3"></ref>
				<ref bean="employee4"></ref>
			</list>
		</constructor-arg>
	</bean>

	<bean id="departmentList" class="java.util.ArrayList">
		<constructor-arg>
			<list>
				<ref bean="department1"></ref>
				<ref bean="department2"></ref>
				<ref bean="department3"></ref>
				<ref bean="department4"></ref>
			</list>
		</constructor-arg>

	</bean>

</beans>